Workbook

Sheet 输入
A1: 代号 | B1: 数值 | C1: 单位 | D1: 来源 | E1: 备注
A2: 边距X | B2: 5 | C2: mm | D2: §8.1 X 向链首项 | E2: 左右对称
A3: HBM宽 | B3: 11 | C3: mm | D3: §8.1
A4: 肋缝 | B4: 0.5 | C4: mm | D4: §8.1 | E4: 肋与 HBM、肋与 die
A5: 隔离肋宽 | B5: 2 | C5: mm | D5: §8.1
A6: die宽 | B6: 27 | C6: mm | D6: §8.1
A7: die高 | B7: 28 | C7: mm | D7: §8.1
A8: HBI | B8: 3 | C8: mm | D8: §8.1
A9: 余铜 | B9: 2 | C9: mm | D9: §6.2
A10: 槽深 | B10: 1.5 | C10: mm | D10: §6.2 | E10: 仅 GPU 区
A11: 喷距H | B11: 2 | C11: mm | D11: §6.2 | E11: 公差 ±0.10 不写进本格
A12: 喷嘴板厚 | B12: 2.5 | C12: mm | D12: §6.2
A13: 钎缝 | B13: 0.5 | C13: mm | D13: §6.2
A14: 孔数X | B14: 9 | C14: 个 | D14: §8.1 | E14: 每 die
A15: 孔数Y | B15: 12 | C15: 个 | D15: §8.1 | E15: 每 die
A16: 节距X | B16: 3 | C16: mm | D16: §8.1
A17: 节距Y | B17: 2.4 | C17: mm | D17: §8.1
A18: 孔径 | B18: 0.5 | C18: mm | D18: §5.4 / §6.5 | E18: 图纸基准，不是 UC01b 的 0.40
A19: 槽宽 | B19: 0.4 | C19: mm | D19: §5.2
A20: 槽节距 | B20: 0.8 | C20: mm | D20: §5.2
A21: 槽数 | B21: 35 | C21: 条 | D21: §8.1 | E21: 每 die
A22: 对位公差 | B22: 0.2 | C22: mm | D22: §6.5 | E22: ±
A23: 槽宽公差 | B23: 0.03 | C23: mm | D23: §6.5 | E23: ±
A24: 孔径上偏差 | B24: 0.03 | C24: mm | D24: §6.5 | E24: 下偏差 0
A25: H公差 | B25: 0.1 | C25: mm | D25: §6.5 | E25: ±
A26: 列长 | B26: 50 | C26: mm | D26: §8.1 | E26: Y 向链用
A27: 下边 | B27: 12.5 | C27: mm | D27: §8.1 | E27: HBM 列起点，也是 Y 向链的下余量

Sheet 尺寸链
A1: 链 | B1: 算式（公式） | C1: 结果 | D1: 期望 | E1: 差 | F1: 判定 | G1: 说明
A2: X向整板 | B2: 边+HBM+缝+肋+缝+die+HBI+die+缝+肋+缝+HBM+边 | C2: =输入!B2+输入!B3+输入!B4+输入!B5+输入!B4+输入!B6+输入!B8+输入!B6+输入!B4+输入!B5+输入!B4+输入!B3+输入!B2 | D2: 95 | E2: =C2-D2 | F2: =IF(ABS(E2)<0.001,"闭合","不闭合") | G2: 期望 95
A3: Y向 | B3: 下边+列长+下边 | C3: =输入!B27+输入!B26+输入!B27 | D3: 75 | E3: =C3-D3 | F3: =IF(ABS(E3)<0.001,"闭合","不闭合") | G3: 上下余量相等
A4: 腔体 | B4: 余铜+槽深+H+喷嘴板 | C4: =输入!B9+输入!B10+输入!B11+输入!B12 | D4: 8 | E4: =C4-D4 | F4: =IF(ABS(E4)<0.001,"闭合","不闭合")
A5: 外形总厚 | B5: 腔体+钎缝 | C5: =输入!B9+输入!B10+输入!B11+输入!B12+输入!B13 | D5: 8.5 | E5: =C5-D5 | F5: =IF(ABS(E5)<0.001,"闭合","不闭合")
A6: 中心距X | B6: (孔数X-1)×节距X | C6: =(输入!B14-1)*输入!B16 | D6: 24 | E6: =C6-D6 | F6: =IF(ABS(E6)<0.001,"闭合","不闭合")
A7: 中心距Y | B7: (孔数Y-1)×节距Y | C7: =(输入!B15-1)*输入!B17 | D7: 26.4 | E7: =C7-D7 | F7: =IF(ABS(E7)<0.001,"闭合","不闭合")
A8: 覆盖X | B8: 孔数X×节距X | C8: =输入!B14*输入!B16 | D8: 27 | E8: =C8-D8 | F8: =IF(ABS(E8)<0.001,"闭合","不闭合") | G8: 等于 die 宽
A9: 覆盖Y | B9: 孔数Y×节距Y | C9: =输入!B15*输入!B17 | D9: 28.8 | E9: =C9-D9 | F9: =IF(ABS(E9)<0.001,"闭合","不闭合")
A10: Y超出die | B10: 覆盖Y-die高 | C10: =输入!B15*输入!B17-输入!B7 | D10: 0.8 | E10: =C10-D10 | F10: =IF(ABS(E10)<0.001,"闭合","不闭合")
A11: 槽场 | B11: 槽数×槽节距 | C11: =输入!B21*输入!B20 | D11: 28 | E11: =C11-D11 | F11: =IF(ABS(E11)<0.001,"闭合","不闭合") | G11: 等于 die 高
A12: 孔数 | B12: 2×孔数X×孔数Y | C12: =2*输入!B14*输入!B15 | D12: 216 | E12: =C12-D12 | F12: =IF(ABS(E12)<0.001,"闭合","不闭合")
A13: 肋最小 | B13: 槽节距-槽宽-槽宽公差 | C13: =输入!B20-输入!B19-输入!B23 | D13: 0.37 | E13: =C13-D13 | F13: =IF(ABS(E13)<0.001,"闭合","不闭合") | G13: 工艺下限 0.30，本链期望按公差下限
A14: Y向对位后单侧余量 | B14: (覆盖Y-die高)/2-对位公差 | C14: =(输入!B15*输入!B17-输入!B7)/2-输入!B22 | D14: 0.2 | E14: =C14-D14 | F14: =IF(ABS(E14)<0.001,"闭合","不闭合") | G14: 仍为正
A15: X向对位后单侧余量 | B15: (覆盖X-die宽)/2-对位公差 | C15: =(输入!B14*输入!B16-输入!B6)/2-输入!B22 | D15: 0 | E15: =C15-D15 | F15: =IF(ABS(E15)<0.001,"闭合","不闭合") | G15: 结果为 −0.20。相对 0 判为不闭合，表示 die 边缘露出

Sheet 核实2
A1: 站 | B1: 增量 | C1: 累计 | D1: 图纸坐标 | E1: 差 | F1: 判定 | G1: 说明
A2: 板左缘 | B2: 0 | C2: =B2 | D2: 0 | E2: =C2-D2 | F2: =IF(ABS(E2)<0.001,"一致","偏差") | G2: 原点
A3: 左HBM起点 | B3: =输入!B2 | C3: =C2+B3 | D3: 5 | E3: =C3-D3 | F3: =IF(ABS(E3)<0.001,"一致","偏差") | G3: §8.1 X=5
A4: 左HBM右缘 | B4: =输入!B3 | C4: =C3+B4 | D4: 16 | E4: =C4-D4 | F4: =IF(ABS(E4)<0.001,"一致","偏差")
A5: 左肋起点 | B5: =输入!B4 | C5: =C4+B5 | D5: 16.5 | E5: =C5-D5 | F5: =IF(ABS(E5)<0.001,"一致","偏差")
A6: 左肋右缘 | B6: =输入!B5 | C6: =C5+B6 | D6: 18.5 | E6: =C6-D6 | F6: =IF(ABS(E6)<0.001,"一致","偏差")
A7: Die-A起点 | B7: =输入!B4 | C7: =C6+B7 | D7: 19 | E7: =C7-D7 | F7: =IF(ABS(E7)<0.001,"一致","偏差")
A8: Die-A右缘 / HBI起点 | B8: =输入!B6 | C8: =C7+B8 | D8: 46 | E8: =C8-D8 | F8: =IF(ABS(E8)<0.001,"一致","偏差")
A9: Die-B起点 | B9: =输入!B8 | C9: =C8+B9 | D9: 49 | E9: =C9-D9 | F9: =IF(ABS(E9)<0.001,"一致","偏差")
A10: Die-B右缘 | B10: =输入!B6 | C10: =C9+B10 | D10: 76 | E10: =C10-D10 | F10: =IF(ABS(E10)<0.001,"一致","偏差")
A11: 右肋起点 | B11: =输入!B4 | C11: =C10+B11 | D11: 76.5 | E11: =C11-D11 | F11: =IF(ABS(E11)<0.001,"一致","偏差")
A12: 右肋右缘 | B12: =输入!B5 | C12: =C11+B12 | D12: 78.5 | E12: =C12-D12 | F12: =IF(ABS(E12)<0.001,"一致","偏差")
A13: 右HBM起点 | B13: =输入!B4 | C13: =C12+B13 | D13: 79 | E13: =C13-D13 | F13: =IF(ABS(E13)<0.001,"一致","偏差")
A14: 右HBM右缘 | B14: =输入!B3 | C14: =C13+B14 | D14: 90 | E14: =C14-D14 | F14: =IF(ABS(E14)<0.001,"一致","偏差")
A15: 板右缘 | B15: =输入!B2 | C15: =C14+B15 | D15: 95 | E15: =C15-D15 | F15: =IF(ABS(E15)<0.001,"一致","偏差") | G15: 应等于 95

Sheet 不采用与说明
A1: 不采用：asm_0921 外形厚 12.5 mm，喷嘴 128 × Ø0.50。那是另一条厚度链。
A2: 不采用：UC01b 网格孔径 0.40 mm。只说明若改孔径，H/D 会从 4 变为 5，X/Y 位置链不变。图纸基准仍是 0.50。
A3: 不采用：v1 参数集每 die 8×8 孔、段间铜岛 1.0 mm。与 v2 的 9×12、流程 3.0 mm 不能同时成立。
A4: X 向覆盖链名义闭合。尺寸链最后一行把对位后的单侧余量与 0 比较，结果 −0.20 mm，判定为不闭合，表示 die 边缘会露出。
A5: 段间铜岛宽度报告未给，工作簿不设这个输入。
