Workbook

Sheet 输入
A1: 代号 | B1: 数值 | C1: 单位 | D1: 来源 | E1: 备注
A2: 板宽 | B2: 200 | C2: mm | D2: §4.1 | E2: 候选
A3: 板高 | B3: 120 | C3: mm | D3: §4.1 | E3: 候选
A4: 底板 | B4: 2 | C4: mm | D4: §4.1
A5: 通道层 | B5: 1.2 | C5: mm | D5: §4.1 | E5: CPU 槽铣满
A6: 分型 | B6: 0.3 | C6: mm | D6: §4.1
A7: 内腔 | B7: 2.5 | C7: mm | D7: §4.1
A8: 盖顶 | B8: 2 | C8: mm | D8: §4.1
A9: 窗宽 | B9: 40 | C9: mm | D9: §4.1 | E9: 40
A10: 窗高 | B10: 32 | C10: mm | D10: §4.1 | E10: 32
A11: 槽数 | B11: 48 | C11: 条 | D11: §4.2
A12: 肋数 | B12: 49 | C12: 条 | D12: §4.2
A13: 槽宽 | B13: 0.4 | C13: mm | D13: §4.2 | E13: 肋宽与槽宽相同
A14: 槽深 | B14: 1.2 | C14: mm | D14: §4.2
A15: 墙 | B15: 0.8 | C15: mm | D15: §4.3 | E15: 0.8
A16: 口长 | B16: 1.6 | C16: mm | D16: §4.2 | E16: 1.6
A17: 间隔 | B17: 1.2 | C17: mm | D17: §4.3 | E17: 1.2
A18: 干管余铜 | B18: 1 | C18: mm | D18: §4.1 | E18: 局部
A19: 干管深 | B19: 5 | C19: mm | D19: §4.4 | E19: z 1–6
A20: 孔板孔径 | B20: 1.04 | C20: mm | D20: §4.4
A21: 孔板孔数 | B21: 4 | C21: 个 | D21: §4.4
A22: 左干管起点 | B22: 6.5 | C22: mm | D22: §4.4 | E22: 6.5
A23: 干管宽 | B23: 7 | C23: mm | D23: §4.4
A24: 内存窗宽 | B24: 50 | C24: mm | D24: §4.1 | E24: 整板 X 链用
A25: 窗间铜 | B25: 16 | C25: mm | D25: 坐标相减 | E25: 16
A26: 干管到内存 | B26: 0.5 | C26: mm | D26: 13.5 到 14 | E26: 右侧同样

Sheet 尺寸链
A1: 链 | B1: 算式（公式） | C1: 结果 | D1: 期望 | E1: 差 | F1: 判定 | G1: 说明
A2: 厚度 | B2: 底板+通道层+分型+内腔+盖顶 | C2: =输入!B4+输入!B5+输入!B6+输入!B7+输入!B8 | D2: 8 | E2: =C2-D2 | F2: =IF(ABS(E2)<0.001,"闭合","不闭合")
A3: 肋场 | B3: 肋数×槽宽+槽数×槽宽 | C3: =输入!B12*输入!B13+输入!B11*输入!B13 | D3: 38.8 | E3: =C3-D3 | F3: =IF(ABS(E3)<0.001,"闭合","不闭合")
A4: 边铜 | B4: (窗宽-肋场)/2 | C4: =(输入!B9-(输入!B12*输入!B13+输入!B11*输入!B13))/2 | D4: 0.6 | E4: =C4-D4 | F4: =IF(ABS(E4)<0.001,"闭合","不闭合")
A5: 口带高 | B5: 4×墙+4×口长+2×间隔+窗高 | C5: =4*输入!B15+4*输入!B16+2*输入!B17+输入!B10 | D5: 44 | E5: =C5-D5 | F5: =IF(ABS(E5)<0.001,"闭合","不闭合") | G5: Y 38 到 82
A6: 润湿 | B6: 口带高-(3×墙+1个另一流向的口) | C6: =4*输入!B15+4*输入!B16+2*输入!B17+输入!B10-(3*输入!B15+输入!B16) | D6: 40 | E6: =C6-D6 | F6: =IF(ABS(E6)<0.001,"闭合","不闭合") | G6: 44 里去掉前端墙、前隔墙、后端墙和另一流向的口，共 4 mm
A7: Y居中 | B7: (板高-口带高)/2 | C7: =(输入!B3-(4*输入!B15+4*输入!B16+2*输入!B17+输入!B10))/2 | D7: 38 | E7: =C7-D7 | F7: =IF(ABS(E7)<0.001,"闭合","不闭合") | G7: 下边应等于 38，槽场从 38 起
A8: 干管局部厚 | B8: 干管余铜+干管深+盖顶 | C8: =输入!B18+输入!B19+输入!B8 | D8: 8 | E8: =C8-D8 | F8: =IF(ABS(E8)<0.001,"闭合","不闭合")
A9: 整板X | B9: 2×(干管起点+干管宽+缝+内存窗宽+窗间铜)+窗宽 | C9: =2*(输入!B22+输入!B23+输入!B26+输入!B24+输入!B25)+输入!B9 | D9: 200 | E9: =C9-D9 | F9: =IF(ABS(E9)<0.001,"闭合","不闭合") | G9: 左右对称
A10: 孔板等效直径 | B10: 孔径×SQRT(孔数) | C10: =输入!B20*SQRT(输入!B21) | D10: 2.08 | E10: =C10-D10 | F10: =IF(ABS(E10)<0.001,"闭合","不闭合") | G10: 报告写 2.09。本行期望 2.08，闭合表示按四孔面积

Sheet 核实2
A1: 站 | B1: 增量 | C1: 累计 | D1: 图纸坐标 | E1: 差 | F1: 判定 | G1: 说明
A2: 窗口左缘 | B2: 80 | C2: =B2 | D2: 80 | E2: =C2-D2 | F2: =IF(ABS(E2)<0.001,"一致","偏差") | G2: 图纸 X=80
A3: 肋场起点 | B3: =(输入!B9-(输入!B12*输入!B13+输入!B11*输入!B13))/2 | C3: =C2+B3 | D3: 80.6 | E3: =C3-D3 | F3: =IF(ABS(E3)<0.001,"一致","偏差")
A4: 肋场终点 | B4: =输入!B12*输入!B13+输入!B11*输入!B13 | C4: =C3+B4 | D4: 119.4 | E4: =C4-D4 | F4: =IF(ABS(E4)<0.001,"一致","偏差")
A5: 窗口右缘 | B5: =(输入!B9-(输入!B12*输入!B13+输入!B11*输入!B13))/2 | C5: =C4+B5 | D5: 120 | E5: =C5-D5 | F5: =IF(ABS(E5)<0.001,"一致","偏差")

Sheet 不采用与说明
A1: 润湿长度：口带 44 mm 减去前端墙、前隔墙、后端墙和另一流向的口（3×0.8+1.6=4），得到 40 mm。奇数槽 81.2−41.2、偶数槽 78.8−38.8 是同一结果。
A2: 孔板等效直径按 1.04×√4 = 2.08。报告写 2.09，差 0.01 mm，不另设尺寸环。
A3: 干管余铜 1.0 mm 使局部厚度链仍等于 8，但低于 B300 冷板 1.8 mm 的余铜下限。这是刚度问题，不是加法错误。
A4: 内存 6 槽和节距不在本工作簿。见 LPDDR5X_内存冷板_尺寸核实2计算.xlsx。
A5: 报告未给 CPU 槽公差，本表没有极值列。
