Workbook

Sheet 输入
A1: 代号 | B1: 数值 | C1: 单位 | D1: 来源 | E1: 备注
A2: 岸 | B2: 0.3 | C2: mm | D2: 2026-09-28 修订 | E2: 单侧
A3: 槽宽 | B3: 0.8 | C3: mm | D3: 修订 / w08h20
A4: 槽深 | B4: 2 | C4: mm | D4: 修订 | E4: 深于 GPU 的 1.5
A5: 肋 | B5: 0.8 | C5: mm | D5: 修订
A6: 条数 | B6: 7 | C6: 条 | D6: 修订 | E6: 每侧
A7: 偶数条 | B7: 4 | C7: 条 | D7: 修订
A8: 奇数条 | B8: 3 | C8: 条 | D8: 修订
A9: 底铜 | B9: 2 | C9: mm | D9: 修订
A10: 上铜板 | B10: 4 | C10: mm | D10: 修订
A11: 竖向口高 | B11: 1 | C11: mm | D11: 修订 z 2–3
A12: 汇流腔高 | B12: 3 | C12: mm | D12: 修订 z 3–6
A13: 堆叠边 | B13: 11 | C13: mm | D13: §8.1 | E13: 11
A14: 颗数 | B14: 4 | C14: 颗 | D14: §8.1 | E14: 每列
A15: 颗间 | B15: 2 | C15: mm | D15: §8.1 原点差
A16: 板高 | B16: 75 | C16: mm | D16: §8.1
A17: 列起点Y | B17: 12.5 | C17: mm | D17: §8.1
A18: GPU槽深 | B18: 1.5 | C18: mm | D18: §6.2 | E18: 对照
A19: 喷距 | B19: 2 | C19: mm | D19: §6.2 | E19: HBM 加热段不用
A20: 喷嘴板 | B20: 2.5 | C20: mm | D20: §6.2 | E20: 对照

Sheet 尺寸链
A1: 链 | B1: 算式（公式） | C1: 结果 | D1: 期望 | E1: 差 | F1: 判定 | G1: 说明
A2: 单侧宽 | B2: 2×岸+条数×槽宽+(条数-1)×肋 | C2: =2*输入!B2+输入!B6*输入!B3+(输入!B6-1)*输入!B5 | D2: 11 | E2: =C2-D2 | F2: =IF(ABS(E2)<0.001,"闭合","不闭合")
A3: 奇偶条数 | B3: 偶数+奇数 | C3: =输入!B7+输入!B8 | D3: 7 | E3: =C3-D3 | F3: =IF(ABS(E3)<0.001,"闭合","不闭合") | G3: 应等于条数
A4: 条数一致 | B4: 偶数+奇数-条数 | C4: =输入!B7+输入!B8-输入!B6 | D4: 0 | E4: =C4-D4 | F4: =IF(ABS(E4)<0.001,"闭合","不闭合") | G4: 差为 0 即一致
A5: 列长 | B5: 颗数×堆叠边+(颗数-1)×颗间 | C5: =输入!B14*输入!B13+(输入!B14-1)*输入!B15 | D5: 50 | E5: =C5-D5 | F5: =IF(ABS(E5)<0.001,"闭合","不闭合")
A6: 板高 | B6: 列起点+列长+列起点 | C6: =输入!B17+输入!B14*输入!B13+(输入!B14-1)*输入!B15+输入!B17 | D6: 75 | E6: =C6-D6 | F6: =IF(ABS(E6)<0.001,"闭合","不闭合") | G6: 上下余量都取列起点 12.5
A7: 加热段厚 | B7: 底铜+槽深+上铜板 | C7: =输入!B9+输入!B4+输入!B10 | D7: 8 | E7: =C7-D7 | F7: =IF(ABS(E7)<0.001,"闭合","不闭合")
A8: 上板拆分 | B8: 竖向口+汇流腔 | C8: =输入!B11+输入!B12 | D8: 4 | E8: =C8-D8 | F8: =IF(ABS(E8)<0.001,"闭合","不闭合") | G8: 应等于上铜板
A9: 上板差 | B9: 竖向口+汇流腔-上铜板 | C9: =输入!B11+输入!B12-输入!B10 | D9: 0 | E9: =C9-D9 | F9: =IF(ABS(E9)<0.001,"闭合","不闭合")
A10: GPU腔体对照 | B10: 底铜+GPU槽深+喷距+喷嘴板 | C10: =输入!B9+输入!B18+输入!B19+输入!B20 | D10: 8 | E10: =C10-D10 | F10: =IF(ABS(E10)<0.001,"闭合","不闭合") | G10: 总数同为 8，槽深不同
A11: 槽深差 | B11: HBM槽深-GPU槽深 | C11: =输入!B4-输入!B18 | D11: 0.5 | E11: =C11-D11 | F11: =IF(ABS(E11)<0.001,"闭合","不闭合") | G11: 必须分区铣。期望 0.5 表示差被明确算出来

Sheet 核实2
A1: 站 | B1: 增量 | C1: 累计 | D1: 图纸坐标 | E1: 差 | F1: 判定 | G1: 说明
A2: 列底 | B2: 0 | C2: =B2 | D2: 0 | E2: =C2-D2 | F2: =IF(ABS(E2)<0.001,"一致","偏差") | G2: 列内 0，板上 Y=12.5
A3: 第1颗顶 | B3: =输入!B13 | C3: =C2+B3 | D3: 11 | E3: =C3-D3 | F3: =IF(ABS(E3)<0.001,"一致","偏差") | G3: 板上 23.5
A4: 第2颗底 | B4: =输入!B15 | C4: =C3+B4 | D4: 13 | E4: =C4-D4 | F4: =IF(ABS(E4)<0.001,"一致","偏差") | G4: 板上 25.5
A5: 第2颗顶 | B5: =输入!B13 | C5: =C4+B5 | D5: 24 | E5: =C5-D5 | F5: =IF(ABS(E5)<0.001,"一致","偏差") | G5: 板上 36.5
A6: 第3颗底 | B6: =输入!B15 | C6: =C5+B6 | D6: 26 | E6: =C6-D6 | F6: =IF(ABS(E6)<0.001,"一致","偏差") | G6: 板上 38.5
A7: 第3颗顶 | B7: =输入!B13 | C7: =C6+B7 | D7: 37 | E7: =C7-D7 | F7: =IF(ABS(E7)<0.001,"一致","偏差") | G7: 板上 49.5
A8: 第4颗底 | B8: =输入!B15 | C8: =C7+B8 | D8: 39 | E8: =C8-D8 | F8: =IF(ABS(E8)<0.001,"一致","偏差") | G8: 板上 51.5
A9: 第4颗顶 / 列长 | B9: =输入!B13 | C9: =C8+B9 | D9: 50 | E9: =C9-D9 | F9: =IF(ABS(E9)<0.001,"一致","偏差") | G9: 板上 62.5，列长 50

Sheet 不采用与说明
A1: 现行截面：0.80 × 2.00，肋 0.80，每侧 7 条，岸 0.30。来自 B300 报告文首 2026-09-28 修订和 HBM_w08h20 网格。
A2: 不采用：正文旧值 0.60 × 1.50、节距 1.30、每侧 8 条、岸 0.65。该组加总也是 11 mm，但不是现行加工尺寸。
A3: 槽深差一行的期望是 0.5 mm。判定为闭合表示差被算成 0.5，不是表示两区槽深相同。
A4: 条数一致、上板差两行的期望是 0。
A5: 堆叠 X、Y 仍是候选坐标，公差未给，本表只核名义值。
