Workbook

Sheet 输入
A1: 代号 | B1: 数值 | C1: 单位 | D1: 来源 | E1: 备注
A2: 节距 | B2: 8 | C2: mm | D2: §4.2 约 8 mm | E2: 核实取值，可改
A3: 槽宽 | B3: 1.2 | C3: mm | D3: §4.2
A4: 槽深 | B4: 0.8 | C4: mm | D4: §4.2
A5: 条数 | B5: 6 | C5: 条 | D5: §4.2 | E5: 每侧
A6: 窗宽 | B6: 50 | C6: mm | D6: §4.1 | E6: 50
A7: 受热长 | B7: 70 | C7: mm | D7: §4.2 | E7: 70
A8: 墙 | B8: 0.8 | C8: mm | D8: §4.3
A9: 口长 | B9: 1.6 | C9: mm | D9: §4.2
A10: 间隔 | B10: 1.2 | C10: mm | D10: §4.3
A11: 通道层 | B11: 1.2 | C11: mm | D11: §4.1 | E11: 1.2
A12: 板高 | B12: 120 | C12: mm | D12: §4.1
A13: 前端墙 | B13: 19 | C13: mm | D13: §4.3 | E13: 19
A14: 下密封 | B14: 6 | C14: mm | D14: §4.1
A15: 密封到前廊 | B15: 2 | C15: mm | D15: Y 6 到 8
A16: 前廊高 | B16: 8 | C16: mm | D16: §4.4 | E16: 8
A17: 前廊到端墙 | B17: 3 | C17: mm | D17: Y 16 到 19
A18: 端墙到后廊 | B18: 2 | C18: mm | D18: Y 101 到 103
A19: 后廊高 | B19: 9 | C19: mm | D19: §4.4 | E19: 9
A20: 后廊到腔顶 | B20: 2 | C20: mm | D20: Y 112 到 114
A21: 缝宽 | B21: 0.8 | C21: mm | D21: §4.4 | E21: 坐标未给
A22: 缝深 | B22: 1.2 | C22: mm | D22: §4.4
A23: 缝长 | B23: 12 | C23: mm | D23: §4.4

Sheet 尺寸链
A1: 链 | B1: 算式（公式） | C1: 结果 | D1: 期望 | E1: 差 | F1: 判定 | G1: 说明
A2: 槽场外宽 | B2: (条数-1)×节距+槽宽 | C2: =(输入!B5-1)*输入!B2+输入!B3 | D2: 41.2 | E2: =C2-D2 | F2: =IF(ABS(E2)<0.001,"闭合","不闭合") | G2: 节距 8 时
A3: 单侧边距 | B3: (窗宽-槽场外宽)/2 | C3: =(输入!B6-((输入!B5-1)*输入!B2+输入!B3))/2 | D3: 4.4 | E3: =C3-D3 | F3: =IF(ABS(E3)<0.001,"闭合","不闭合") | G3: 推算，不是报告原句
A4: 窗口链 | B4: 槽场外宽+2×边距 | C4: =(输入!B5-1)*输入!B2+输入!B3+2*((输入!B6-((输入!B5-1)*输入!B2+输入!B3))/2) | D4: 50 | E4: =C4-D4 | F4: =IF(ABS(E4)<0.001,"闭合","不闭合") | G4: 恒等于窗宽。改节距后若边距为负，下一行会不闭合
A5: 边距不为负 | B5: 单侧边距 | C5: =(输入!B6-((输入!B5-1)*输入!B2+输入!B3))/2 | D5: 4.4 | E5: =C5-D5 | F5: =IF(ABS(E5)<0.001,"闭合","不闭合") | G5: 节距过大时结果为负，判定转为不闭合（相对 4.4）。看数值本身是否≥0
A6: 口带 | B6: 4×墙+4×口长+2×间隔+受热长 | C6: =4*输入!B8+4*输入!B9+2*输入!B10+输入!B7 | D6: 82 | E6: =C6-D6 | F6: =IF(ABS(E6)<0.001,"闭合","不闭合") | G6: Y 19 到 101
A7: 润湿 | B7: 口带-4×墙 | C7: =4*输入!B9+2*输入!B10+输入!B7 | D7: 78 | E7: =C7-D7 | F7: =IF(ABS(E7)<0.001,"闭合","不闭合")
A8: 下边带 | B8: 下密封+到廊+前廊+到端墙 | C8: =输入!B14+输入!B15+输入!B16+输入!B17 | D8: 19 | E8: =C8-D8 | F8: =IF(ABS(E8)<0.001,"闭合","不闭合")
A9: 上边带 | B9: 到后廊+后廊+到腔顶+下密封 | C9: =输入!B18+输入!B19+输入!B20+输入!B14 | D9: 19 | E9: =C9-D9 | F9: =IF(ABS(E9)<0.001,"闭合","不闭合") | G9: 后廊 9，前廊 8，边带仍相等
A10: 板高 | B10: 下边带+口带+上边带 | C10: =输入!B14+输入!B15+输入!B16+输入!B17+4*输入!B8+4*输入!B9+2*输入!B10+输入!B7+输入!B18+输入!B19+输入!B20+输入!B14 | D10: 120 | E10: =C10-D10 | F10: =IF(ABS(E10)<0.001,"闭合","不闭合")
A11: 槽深差 | B11: 通道层-槽深 | C11: =输入!B11-输入!B4 | D11: 0.4 | E11: =C11-D11 | F11: =IF(ABS(E11)<0.001,"闭合","不闭合") | G11: 从分型面向下铣时，槽底以上多 0.40 铜到通道层底
A12: 缝与槽深不同 | B12: 缝深-槽深 | C12: =输入!B22-输入!B4 | D12: 0.4 | E12: =C12-D12 | F12: =IF(ABS(E12)<0.001,"闭合","不闭合") | G12: 缝用满 1.20，槽只 0.80

Sheet 核实2
A1: 站 | B1: 增量 | C1: 累计 | D1: 图纸坐标 | E1: 差 | F1: 判定 | G1: 说明
A2: 左窗左缘 | B2: 14 | C2: =B2 | D2: 14 | E2: =C2-D2 | F2: =IF(ABS(E2)<0.001,"一致","偏差") | G2: 图纸
A3: 第1槽左缘 | B3: =(输入!B6-((输入!B5-1)*输入!B2+输入!B3))/2 | C3: =C2+B3 | D3: 18.4 | E3: =C3-D3 | F3: =IF(ABS(E3)<0.001,"一致","偏差") | G3: 边距
A4: 第1槽右缘 | B4: =输入!B3 | C4: =C3+B4 | D4: 19.6 | E4: =C4-D4 | F4: =IF(ABS(E4)<0.001,"一致","偏差")
A5: 第6槽右缘 | B5: =5*输入!B2 | C5: =C4+B5 | D5: 59.6 | E5: =C5-D5 | F5: =IF(ABS(E5)<0.001,"一致","偏差") | G5: 中间 5 个节距，从第1槽右缘到第6槽右缘
A6: 左窗右缘 | B6: =(输入!B6-((输入!B5-1)*输入!B2+输入!B3))/2 | C6: =C5+B6 | D6: 64 | E6: =C6-D6 | F6: =IF(ABS(E6)<0.001,"一致","偏差")

Sheet 不采用与说明
A1: 节距输入格默认 8.00 mm，对应报告“约 8 mm”。边距 4.40 mm 由窗口宽度反算，改节距后边距跟着变。
A2: 窗口链一行在代数上恒等于窗宽，所以它总是闭合。判断节距是否放得下，要看“单侧边距”是否大于等于 0。
A3: 第6槽右缘的增量是 5 个节距：从第 1 条右缘到第 6 条右缘。
A4: 限流缝有断面和长度，没有坐标，没有放进走查。
A5: 前后廊高度 8 与 9 不相等。上下边带各 19 mm，板高链仍然闭合。
A6: 右窗 = 左窗 + 122 mm（14→136，64→186）。工作簿没有重复右窗的同一条链。
